Name,Price,Rating,Reviews,URL,Item_Type,Timestamp
Blink Subscription Plus Plan with monthly auto-renewal,11.99,4.4,268631,https://www.amazon.com/Blink-Plus-Plan-monthly-auto-renewal/dp/B08JHCVHTY/ref=zg_bs_g_electronics_d_sccl_1/138-2279462-5595515?psc=1,Organic,2026-01-06T02:10:27.081783+00:00
"Apple EarPods Headphones with USB-C Plug, Wired Ear Buds with Built-in Remote to Control Music, Phone Calls, and Volume",17.99,4.6,22809,https://www.amazon.com/Apple-EarPods-Headphones-Built-Control/dp/B0DCH8VDXF/ref=zg_bs_g_electronics_d_sccl_2/138-2279462-5595515?psc=1,Organic,2026-01-06T02:10:29.088204+00:00
"Apple AirTag 4 Pack. Keep Track of and find Your Keys, Wallet, Luggage, Backpack, and More. Simple one-tap Set up with iPhone or iPad",64.98,4.8,38398,https://www.amazon.com/Apple-MX542LL-A-AirTag-Pack/dp/B0D54JZTHY/ref=zg_bs_g_electronics_d_sccl_3/138-2279462-5595515?psc=1,Organic,2026-01-06T02:10:30.179263+00:00
"Amazon Kindle 16 GB (newest model) - Lightest and most compact Kindle, now with faster page turns, and higher contrast ratio, for an enhanced reading experience - Matcha",89.99,4.6,12457,https://www.amazon.com/Amazon-Kindle/dp/B0CNVCQZG1/ref=zg_bs_g_electronics_d_sccl_4/138-2279462-5595515?psc=1,Organic,2026-01-06T02:10:31.932689+00:00
"Apple AirTag. Keep Track of and find Your Keys, Wallet, Luggage, Backpack, and More. Simple one-tap Set up with iPhone or iPad",24,4.7,49839,https://www.amazon.com/Apple-MX532LL-A-AirTag/dp/B0CWXNS552/ref=zg_bs_g_electronics_d_sccl_5/138-2279462-5595515?psc=1,Organic,2026-01-06T02:10:34.107756+00:00
"Apple AirPods Pro 3 Wireless Earbuds, Active Noise Cancellation, Live Translation, Heart Rate Sensing, Hearing Aid Feature, Bluetooth Headphones, Spatial Audio, High-Fidelity Sound, USB-C Charging",239.95,4.4,3730,https://www.amazon.com/Apple-Cancellation-Translation-Headphones-High-Fidelity/dp/B0FQFB8FMG/ref=zg_bs_g_electronics_d_sccl_6/138-2279462-5595515?psc=1,Organic,2026-01-06T02:10:35.450159+00:00
"Surge Protector Power Strip - HANYCONY 8 Outlets 4 USB (2 USB C) Charging Ports, Multi Plug Outlet Extender, 5Ft Braided Extension Cord, Flat Plug Wall Mount Desk Charging Station for Home Office ETL",11.99,4.8,62813,https://www.amazon.com/Surge-Protector-Power-Strip-Extension/dp/B092J8LPWR/ref=zg_bs_g_electronics_d_sccl_7/138-2279462-5595515?psc=1,Organic,2026-01-06T02:10:36.753688+00:00
"Amazon Fire TV Stick 4K Plus (newest model) with AI-powered Fire TV Search, Wi-Fi 6, stream over 1.8 million movies and shows, free & live TV",49.99,4.7,98970,https://www.amazon.com/Amazon-newest-AI-powered-Search-million/dp/B0F7Z4QZTT/ref=zg_bs_g_electronics_d_sccl_8/138-2279462-5595515?psc=1,Organic,2026-01-06T02:10:39.029715+00:00
"Apple iPad 11-inch: A16 chip, 11-inch Model, Liquid Retina Display, 128GB, Wi-Fi 6, 12MP Front/12MP Back Camera, Touch ID, All-Day Battery Life — Blue",299.99,4.8,16414,https://www.amazon.com/Apple-iPad-11-inch-Display-All-Day/dp/B0DZ75TN5F/ref=zg_bs_g_electronics_d_sccl_9/138-2279462-5595515?psc=1,Organic,2026-01-06T02:10:41.287209+00:00
"6 Ft Surge Protector Power Strip - 8 Widely Outlets with 4 USB Ports, 3 Side Outlet Extender with 6 Feet Extension Cord, Flat Plug, Wall Mount, Desk USB Charging Station, ETL,White",9.99,4.6,44623,https://www.amazon.com/Surge-Protector-Power-Strip-Extension/dp/B09PDLBFKY/ref=zg_bs_g_electronics_d_sccl_10/138-2279462-5595515?psc=1,Organic,2026-01-06T02:10:42.382735+00:00
"Amazon Fire TV Stick 4K Select (newest model), start streaming in 4K, AI-powered search, and free & live TV",39.99,3.9,2293,https://www.amazon.com/amazon-fire-tv-stick-4K-select/dp/B0C6W3D4RM/ref=zg_bs_g_electronics_d_sccl_11/138-2279462-5595515?psc=1,Organic,2026-01-06T02:10:44.587784+00:00
"(Pack of 2) Replacement Remote Control Only for Roku TV, Compatible for TCL Roku/Hisense Roku/Onn Roku/Sharp Roku/Element Roku/Westinghouse Roku/Philips Roku Smart TVs (Not for Roku Stick and Box)",9.98,4.5,53965,https://www.amazon.com/Replaced-Control-Compatible-Westinghouse-Insignia/dp/B09Z6Q2MLC/ref=zg_bs_g_electronics_d_sccl_12/138-2279462-5595515?psc=1,Organic,2026-01-06T02:10:47.456247+00:00
"Apple AirPods 4 Wireless Earbuds, Bluetooth Headphones, Personalized Spatial Audio, Sweat and Water Resistant, USB-C Charging Case, H2 Chip, Up to 30 Hours of Battery Life, Effortless Setup for iPhone",99,4.5,21691,https://www.amazon.com/Apple-Bluetooth-Headphones-Personalized-Effortless/dp/B0DGHMNQ5Z/ref=zg_bs_g_electronics_d_sccl_13/138-2279462-5595515?psc=1,Organic,2026-01-06T02:10:49.098638+00:00
"Roku Streaming Stick HD 2025 — HD Streaming Device for TV with Roku Voice Remote, Free & Live TV",28.69,4.7,10891,https://www.amazon.com/Roku-Streaming-Stick-HD-2025/dp/B0DXXYS4BJ/ref=zg_bs_g_electronics_d_sccl_14/138-2279462-5595515?psc=1,Organic,2026-01-06T02:10:52.395316+00:00
"Wall Charger, Surge Protector, QINLIANF 5 Outlet Extender with 4 USB Charging Ports (4.8A Total) 3-Sided 1680J Power Strip Multi Plug Adapter Spaced for Home Travel Office (3U1C)",9.98,4.7,107750,https://www.amazon.com/Charger-Protector-QINLIANF-Extender-Charging/dp/B08R6S1M1K/ref=zg_bs_g_electronics_d_sccl_15/138-2279462-5595515?psc=1,Organic,2026-01-06T02:10:53.864135+00:00
"Apple Watch Series 11 [GPS 42mm] Smartwatch with Rose Gold Aluminum Case with Light Blush Sport Band - S/M. Sleep Score, Fitness Tracker, Health Monitoring, Always-On Display, Water Resistant",299.99,4.7,1651,https://www.amazon.com/Apple-Watch-Smartwatch-Aluminum-Always/dp/B0FQF9ZX7P/ref=zg_bs_g_electronics_d_sccl_16/138-2279462-5595515?psc=1,Organic,2026-01-06T02:10:56.528299+00:00
"Amazon Kindle Paperwhite 16GB (newest model) – 20% faster, with new 7"" glare-free display and weeks of battery life – Black",159.99,4.6,15532,https://www.amazon.com/All-new-Amazon-Kindle-Paperwhite-glare-free/dp/B0CFPJYX7P/ref=zg_bs_g_electronics_d_sccl_17/138-2279462-5595515?psc=1,Organic,2026-01-06T02:10:59.323490+00:00
"FUJIFILM Instax Mini Instant Film Twin Pack (White), 20 Photos",16.98,4.8,118262,https://www.amazon.com/Fujifilm-INSTAX-Instant-Twin-Pack/dp/B00EB4ADQW/ref=zg_bs_g_electronics_d_sccl_18/138-2279462-5595515?psc=1,Organic,2026-01-06T02:11:00.999110+00:00
"Roku Voice Remote | Replacement TV Remote Control with Voice Control, Simple Setup, & Pre-Set App Shortcuts - Compatible with Roku TV, Players, & Audio Devices",19.88,4.6,27897,https://www.amazon.com/Roku-Replacement-Control-Pre-Set-Shortcuts/dp/B0BQS9Y69G/ref=zg_bs_g_electronics_d_sccl_19/138-2279462-5595515?psc=1,Organic,2026-01-06T02:11:03.299988+00:00
"Olcorife Flat Extension Cord with Outlet Cover, Flat Plug Power Strip with 6 Outlets and 3 USB Ports, 2000 Joules Surge Protector, 5 FT Cord Hidden Outlet Extender for Tight Spaces, White",15.99,4.7,2237,https://www.amazon.com/Extension-Olcorife-Outlets-Protector-Extender/dp/B0CX93B7MX/ref=zg_bs_g_electronics_d_sccl_20/138-2279462-5595515?psc=1,Organic,2026-01-06T02:11:05.221815+00:00
"Amazon Basics Full Motion Articulating TV Wall Mount, with Swivel and Tilt, for 26"" to 55"" TVs and Flat Panels up to 80 Lbs, VESA Compatible, Black",22.98,4.6,56673,https://www.amazon.com/Amazon-Basics-Motion-Articulating-Mount/dp/B01KBEOL5E/ref=zg_bs_g_electronics_d_sccl_21/138-2279462-5595515?psc=1,Organic,2026-01-06T02:11:08.164295+00:00
"Beats Solo 4 - Wireless On-Ear Bluetooth Headphones, Up to 50-Hour Battery Life, Ultra-Lightweight Comfort, Powerful and Balanced Sound, Apple & Android Compatible - Matte Black",129.95,4.6,21514,https://www.amazon.com/Beats-Solo-Wireless-Headphones-Matte/dp/B0CZPLV566/ref=zg_bs_g_electronics_d_sccl_22/138-2279462-5595515?psc=1,Organic,2026-01-06T02:11:10.565002+00:00
"Ljusmicker for AirPods 4 Case Cover 2024 with Cleaner Kit,Soft Silicone Protective Cover for Apple AirPods 4th Generation Cases for Women Men,AirPod 4 Case Accessories with Keychain-Black",6.98,4.6,4930,https://www.amazon.com/Ljusmicker-Protective-Generation-Accessories-Keychain-Black/dp/B0DGXSP5VD/ref=zg_bs_g_electronics_d_sccl_23/138-2279462-5595515?psc=1,Organic,2026-01-06T02:11:13.509072+00:00
"Amazon Fire TV Stick 4K Max streaming device, with AI-powered Fire TV Search, supports Wi-Fi 6E, free & live TV without cable or satellite",59.99,4.6,70457,https://www.amazon.com/all-new-amazon-fire-tv-stick-4k-max/dp/B0BP9SNVH9/ref=zg_bs_g_electronics_d_sccl_24/138-2279462-5595515?psc=1,Organic,2026-01-06T02:11:15.641498+00:00
TAGRY Bluetooth Headphones True Wireless Earbuds 60H Playback LED Power Display Earphones with Wireless Charging Case IPX5 Waterproof in-Ear Ear buds with Mic for TV Smart Phone Laptop Computer Sports,24.68,4.4,80906,https://www.amazon.com/TAGRY-Bluetooth-Headphones-Earphones-Waterproof/dp/B09DT48V16/ref=zg_bs_g_electronics_d_sccl_25/138-2279462-5595515?psc=1,Organic,2026-01-06T02:11:18.222854+00:00
"Amazon Echo Dot (newest model) - Vibrant sounding speaker with Alexa+ Early Access, Great for bedrooms, dining rooms and offices, Charcoal",49.99,4.7,180870,https://www.amazon.com/Amazon-vibrant-helpful-routines-Charcoal/dp/B09B8V1LZ3/ref=zg_bs_g_electronics_d_sccl_26/138-2279462-5595515?psc=1,Organic,2026-01-06T02:11:19.468145+00:00
"Apple AirPods 4 Wireless Earbuds, Bluetooth Headphones, with Active Noise Cancellation, Adaptive Audio, Transparency Mode, Personalized Spatial Audio, USB-C Charging Case, Wireless Charging, H2 Chip",148.99,4.5,15021,https://www.amazon.com/Apple-Headphones-Cancellation-Transparency-Personalized/dp/B0DGJ7HYG1/ref=zg_bs_g_electronics_d_sccl_27/138-2279462-5595515?psc=1,Organic,2026-01-06T02:11:21.268502+00:00
Alex Tech 10ft - 1/2 inch Cord Protector Wire Loom Tubing Cable Sleeve Split Sleeving For USB Cable Power Cord Audio Video Cable – Protect Cat From Chewing - Black,8.99,4.7,79962,https://www.amazon.com/Alex-Tech-10ft-Protector-Sleeving/dp/B07FW3GTXB/ref=zg_bs_g_electronics_d_sccl_28/138-2279462-5595515?psc=1,Organic,2026-01-06T02:11:24.258523+00:00
"【Pack of 2】 New Universal Remote for All Samsung TV Remote, Replacement Compatible for All Samsung Smart TV, LED, LCD, HDTV, 3D, Series TV",9.97,4.5,17587,https://www.amazon.com/Universal-Remote-Samsung-Replacement-Compatible/dp/B0B7B6KLH3/ref=zg_bs_g_electronics_d_sccl_29/138-2279462-5595515?psc=1,Organic,2026-01-06T02:11:25.907554+00:00
"JBL Tune 720BT - Wireless Over-Ear Headphones with JBL Pure Bass Sound, Bluetooth 5.3, Up to 76H Battery Life and Speed Charge, Lightweight, Comfortable and Foldable Design (Black)",44.95,4.5,9925,https://www.amazon.com/JBL-TUNE-720BT-Lightweight-comfortable/dp/B0CTBCDD6D/ref=zg_bs_g_electronics_d_sccl_30/138-2279462-5595515?psc=1,Organic,2026-01-06T02:11:28.016917+00:00
"Amazon Basics Surge Protector Power Strip, 6-Outlet, 790 Joules, LED Indicator, 6ft Extension Cord, White",9.99,4.8,44788,https://www.amazon.com/Amazon-Basics-Protector-Extension-Protection/dp/B00TP1C1UC/ref=zg_bs_g_electronics_d_sccl_31/138-2279462-5595515?psc=1,Organic,2026-01-06T02:11:30.072548+00:00
"TESSAN Surge Protector Power Strip, 5 Ft Flat Plug Extension Cord with 3 USB (1 USB C) 8 Outlets, 1250W, 900J Protection, 3 Sided Outlet Extender with Power Switch for Office, Dorm Room Essentials",18.97,4.8,14323,https://www.amazon.com/Surge-Protector-Power-Strip-Essentials/dp/B0BLTYNJCK/ref=zg_bs_g_electronics_d_sccl_32/138-2279462-5595515?psc=1,Organic,2026-01-06T02:11:33.073840+00:00
"JBL Go 4 - Ultra-Portable, Waterproof and Dustproof Bluetooth Speaker, Big JBL Pro Sound with Punchy bass, 7-Hour Built-in Battery, Made in Part with Recycled Materials (Black)",39.95,4.8,11989,https://www.amazon.com/JBL-Ultra-Portable-Waterproof-Dustproof-Built/dp/B0CTNWBT1Z/ref=zg_bs_g_electronics_d_sccl_33/138-2279462-5595515?psc=1,Organic,2026-01-06T02:11:35.123706+00:00
Universal for VIZIO Smart TV Remote Control Replacement XRT136,8.97,4.4,53345,https://www.amazon.com/Universal-Remote-Control-XRT136-VIZIO/dp/B08PK7TBFD/ref=zg_bs_g_electronics_d_sccl_34/138-2279462-5595515?psc=1,Organic,2026-01-06T02:11:36.818802+00:00
Oura Ring 4 - Silver - Size 9 - Size Before You Buy,349,4.1,7412,https://www.amazon.com/Oura-Ring-Tracking-Wearable-Fitness/dp/B0D9WWB3WX/ref=zg_bs_g_electronics_d_sccl_35/138-2279462-5595515?psc=1,Organic,2026-01-06T02:11:39.777843+00:00
Roku Streaming Stick Plus 2025 - 4K & HDR Roku Streaming Device for TV with Voice Remote - Free & Live TV,33.99,4.6,4670,https://www.amazon.com/Roku-Streaming-Stick-Plus-2025/dp/B0DXY833HV/ref=zg_bs_g_electronics_d_sccl_36/138-2279462-5595515?psc=1,Organic,2026-01-06T02:11:42.321629+00:00
𝟐𝟎𝟐𝟔 𝐔𝐩𝐠𝐫𝐚𝐝𝐞𝐝 for Apple Watch Charger Magnetic Fast Charging Cable [Portable] Magnetic Wireless Charging Compatible with iWatch Series Ultra/SE/11/10/9/8/7/6/5/4/-[3.3FT] White,7.99,4.5,21871,https://www.amazon.com/%F0%9D%9F%90%F0%9D%9F%8E%F0%9D%9F%90%F0%9D%9F%90-%F0%9D%90%94%F0%9D%90%A9%F0%9D%90%A0%F0%9D%90%AB%F0%9D%90%9A%F0%9D%90%9D%F0%9D%90%9E%F0%9D%90%9D-Magnetic-Charging-Compatible/dp/B0B2R7G9ML/ref=zg_bs_g_electronics_d_sccl_37/138-2279462-5595515?psc=1,Organic,2026-01-06T02:11:45.212591+00:00
"Amazon Basics Surge Protector Power Strip, 6-Outlet with 200J Protection, 2ft Extension Cord, Rectangle, White (2 Pack)",11.87,4.7,42851,https://www.amazon.com/Amazon-Basics-Protector-Protection-Extension/dp/B00TP1BWMK/ref=zg_bs_g_electronics_d_sccl_38/138-2279462-5595515?psc=1,Organic,2026-01-06T02:11:47.989386+00:00
"Bose QuietComfort Headphones - Wireless Bluetooth Headphones, Active Over Ear Noise Cancelling and Mic, USB-C Charging, Deep Bass, Up to 24 Hours of Playtime, Black",359,4.6,16814,https://www.amazon.com/Bose-QuietComfort-Cancelling-Headphones-Bluetooth/dp/B0CCZ26B5V/ref=zg_bs_g_electronics_d_sccl_39/138-2279462-5595515?psc=1,Organic,2026-01-06T02:11:49.834394+00:00
"Beats Studio Pro - Premium Wireless Over-Ear Headphones- Up to 40-Hour Battery Life, Active Noise Cancelling, USB-C Lossless Audio, Apple & Android Compatible - Black",159.6,4.5,24738,https://www.amazon.com/Beats-Studio-Pro-Personalized-Compatibility/dp/B0C8PR4W22/ref=zg_bs_g_electronics_d_sccl_40/138-2279462-5595515?psc=1,Organic,2026-01-06T02:11:50.980277+00:00
"JBL Tune 520BT - Wireless On-Ear Headphones, Up to 57H Battery Life and Speed Charge, Lightweight, Comfortable and Foldable Design, Hands-Free Calls with Voice Aware (Purple)",29.95,4.6,10340,https://www.amazon.com/JBL-Tune-520BT-Ear-Lightweight/dp/B0CQ1HP3RX/ref=zg_bs_g_electronics_d_sccl_41/138-2279462-5595515?psc=1,Organic,2026-01-06T02:11:52.291013+00:00
"JBL Vibe Beam - True Wireless JBL Deep Bass Sound Earbuds, Bluetooth 5.2, Water & Dust Resistant, Hands-free call with VoiceAware, Up to 32 hours of battery life (Black)",29.95,4.2,33215,https://www.amazon.com/JBL-Vibe-Beam-Wireless-Headphones/dp/B0BQPNMXQV/ref=zg_bs_g_electronics_d_sccl_42/138-2279462-5595515?psc=1,Organic,2026-01-06T02:11:54.161870+00:00
"5 Outlet Extender Multi Plug Wall Outlets with 4 USB Charging Ports (1 USB C Outlet), 3 Sided 1680J Surge Protector Power Strip USB Wall Charger for Home, Office, Travel, ETL Listed, White",9.99,4.7,38834,https://www.amazon.com/Lvetek-Extender-Outlets-Charging-Protector/dp/B09BKHHL5H/ref=zg_bs_g_electronics_d_sccl_43/138-2279462-5595515?psc=1,Organic,2026-01-06T02:11:56.080088+00:00
"Surge Protector Power Strip - Nuetsa Flat Plug Extension Cord with 8 Outlets and 4 USB Ports, 6 Feet Power Cord (1625W/13A), 2700 Joules, ETL Listed, Black",13.29,4.7,43871,https://www.amazon.com/Protector-Nuetsa-Extension-Outlets-Joules/dp/B09F2XPJ47/ref=zg_bs_g_electronics_d_sccl_44/138-2279462-5595515?psc=1,Organic,2026-01-06T02:11:57.562338+00:00
Roku Streaming Stick 4K - HDR & Dolby Vision Roku Streaming Device for TV with Voice Remote & Long-Range Wi-Fi - Free & Live TV,39.89,4.7,94448,https://www.amazon.com/Roku-Streaming-Device-Vision-Controls/dp/B09BKCDXZC/ref=zg_bs_g_electronics_d_sccl_45/138-2279462-5595515?psc=1,Organic,2026-01-06T02:11:58.878993+00:00
"10Ft Extension Cord with Multiple Outlets, Flat Plug Surge Protector Power Strip 10 Ft Long Cord, 8 Outlets & 4 USB Ports (2 USB C), Desk Charging Station for Home Office, College Dorm Room Essentials",12.99,4.8,2891,https://www.amazon.com/Extension-Multiple-Protector-Charging-Essentials/dp/B0DZ254SSR/ref=zg_bs_g_electronics_d_sccl_46/138-2279462-5595515?psc=1,Organic,2026-01-06T02:12:00.186662+00:00
"Sleek Socket Original & Patented Flat Ultra-Thin Outlet Concealer with Extension Cord Kit, Multi Outlets Power Strip, Ideal for Home Improvement, Hide Bulky and Messy Cords, 3ft",21.95,4.7,58919,https://www.amazon.com/Socket-Ultra-Thin-Electrical-Oversized-Certified/dp/B07S8DZ1T5/ref=zg_bs_g_electronics_d_sccl_47/138-2279462-5595515?psc=1,Organic,2026-01-06T02:12:01.679805+00:00
"Anker Power Strip Surge Protector (2100J), 12 Outlets with 2 USB A and 1 USB C Port for Multiple Devices, 5ft Extension Cord, 20W Power Delivery Charging for Home, Office, Dorm Essential, TUV Listed",28.99,4.8,17101,https://www.amazon.com/Anker-Protector-Multiple-Extension-Essential/dp/B09SG2Q23M/ref=zg_bs_g_electronics_d_sccl_48/138-2279462-5595515?psc=1,Organic,2026-01-06T02:12:03.805814+00:00
"JcBlaon Outlet Extender Surge Protector - 6 Outlet Splitter with 4 USB Ports (2 USB C), Multiple Plug Expander Wall Charger, 3 Sided Multi Plug Wall Adapter Power Strip for Home Office Kitchen Travel",9.99,4.6,3614,https://www.amazon.com/JcBlaon-Outlet-Extender-Surge-Protector/dp/B0D4991JDH/ref=zg_bs_g_electronics_d_sccl_49/138-2279462-5595515?psc=1,Organic,2026-01-06T02:12:06.165568+00:00
"Nettbe 60 PCS 6 Inches Reusable Cable Ties, Adjustable Cord Straps Wire Organizer Cord Wrap and Hook Loop Cable Management",6.98,4.8,12695,https://www.amazon.com/Reusable-Newlan-Adjustable-Organizer-Management/dp/B081HH5X61/ref=zg_bs_g_electronics_d_sccl_50/138-2279462-5595515?psc=1,Organic,2026-01-06T02:12:08.457880+00:00
"Soundcore P30i by Anker Noise Cancelling Earbuds, Strong and Smart Noise Cancelling, Powerful Bass, 45H Playtime, 2-in-1 Case and Phone Stand, IP54, Wireless Earbuds, Bluetooth 5.4 (Black)",29.99,4.4,22238,https://www.amazon.com/Soundcore-Cancelling-Powerful-Playtime-Bluetooth/dp/B0CRTYZG5C/ref=zg_bs_g_electronics_d_sccl_1/138-2279462-5595515?psc=1,Organic,2026-01-06T02:12:20.297788+00:00
"Surge Protector Power Strip - CHCORE 5Ft Braided Extension Cord with 8 Outlets with 4 USB (2 USB C) Charging Ports, Flat Plug Multi Plug Outlet Extender Charging Station for Home Office, ETL, White",9.99,4.6,6218,https://www.amazon.com/Surge-Protector-Power-Strip-Extension/dp/B0DC6GXZSV/ref=zg_bs_g_electronics_d_sccl_2/138-2279462-5595515?psc=1,Organic,2026-01-06T02:12:22.618188+00:00
"Soundcore by Anker Q20i Hybrid Active Noise Cancelling Headphones, Wireless Over-Ear Bluetooth, 40H Long ANC Playtime, Hi-Res Audio, Big Bass, Customize via an App, Transparency Mode (White)",39.99,4.6,49463,https://www.amazon.com/Soundcore-Cancelling-Headphones-Bluetooth-Transparency/dp/B0CQXMXJC5/ref=zg_bs_g_electronics_d_sccl_3/138-2279462-5595515?psc=1,Organic,2026-01-06T02:12:25.124007+00:00
"Apple Watch SE 3 [GPS 40mm] Smartwatch with Starlight Aluminum Case with Starlight Sport Band - S/M. Fitness and Sleep Trackers, Heart Rate Monitor, Always-On Display, Water Resistant",219,4.7,1119,https://www.amazon.com/Apple-Smartwatch-Starlight-Aluminum-Always/dp/B0FQFNRH72/ref=zg_bs_g_electronics_d_sccl_4/138-2279462-5595515?psc=1,Organic,2026-01-06T02:12:26.549316+00:00
"JLab Go Air Pop+ True Wireless Earbuds, in Ear Headphones, Bluetooth Earphones, 35H Playtime Ear Buds, Bluetooth Earbuds with Microphone, USB-C Charging Case, Dual Connect, EQ3 Sound, Black",19.99,4.4,18786,https://www.amazon.com/JLab-Bluetooth-Resistance-Connection-Signature/dp/B0CXGXT6W8/ref=zg_bs_g_electronics_d_sccl_5/138-2279462-5595515?psc=1,Organic,2026-01-06T02:12:29.616224+00:00
"JBL Vibe Beam 2 - True Wireless Noise Cancelling Earbuds with JBL Pure Bass Sound & Smart Ambient technology, 4mics for crisp, clear calls, up to 40Hrs of Playback, IP54 Dust & Water resistant (Black)",,4.2,2498,https://www.amazon.com/JBL-Vibe-Beam-Cancelling-Technology/dp/B0DN45YMP6/ref=zg_bs_g_electronics_d_sccl_6/138-2279462-5595515?psc=1,Organic,2026-01-06T02:12:31.282463+00:00
"BERIBES Bluetooth Headphones Over Ear, 65H Playtime and 6 EQ Music Modes Wireless Headphones with Microphone, HiFi Stereo Foldable Lightweight Headset, Deep Bass for Home Office Cellphone PC Ect.",19.99,4.5,49415,https://www.amazon.com/BERIBES-Bluetooth-Headphones-Microphone-Lightweight/dp/B09LYF2ST7/ref=zg_bs_g_electronics_d_sccl_7/138-2279462-5595515?psc=1,Organic,2026-01-06T02:12:34.122623+00:00
"Amazon Kindle Paperwhite Signature Edition 32GB – 20% faster with auto-adjusting front light, wireless charging, and weeks of battery life – Metallic Black",199.99,4.6,8787,https://www.amazon.com/All-new-Amazon-Kindle-Paperwhite-Signature/dp/B0C8RR4WN3/ref=zg_bs_g_electronics_d_sccl_8/138-2279462-5595515?psc=1,Organic,2026-01-06T02:12:35.492428+00:00
"Delamu Cord Hider, 157in Wire Covers for Cords on Wall, Premium Cable Hider Cord Covers for Wires, Cable Management Wire Hiders for TV, Cable Raceway Kit, W0.95 H0.55in, White",13.98,4.5,40262,https://www.amazon.com/Delamu-Premium-Management-Raceway-H0-55in/dp/B07GPFDL1K/ref=zg_bs_g_electronics_d_sccl_9/138-2279462-5595515?psc=1,Organic,2026-01-06T02:12:36.910559+00:00
"Pipishell Full Motion TV Wall Mount for Echo Show 21/15 and 13-43 Inch Flat Curved Screen TVs & Monitors, Max VESA 200x200mm up to 44lbs, TV Mount Wall Bracket with Rotation Swivel Tilt Extension",16.99,4.6,146573,https://www.amazon.com/Articulating-Extension-Rotation-200x200mm-Pipishell/dp/B07SHFPD8S/ref=zg_bs_g_electronics_d_sccl_10/138-2279462-5595515?psc=1,Organic,2026-01-06T02:12:39.644981+00:00
"Amazon Fire TV Stick HD (newest model), free and live TV, Alexa Voice Remote, smart home controls, HD streaming",34.99,4.7,54145,https://www.amazon.com/amazon-fire-tv-stick-hd/dp/B0CQMRKRV5/ref=zg_bs_g_electronics_d_sccl_11/138-2279462-5595515?psc=1,Organic,2026-01-06T02:12:42.433323+00:00
"4 Pairs Replacement Ear Tips for AirPods Pro 2nd/1st Generation with Portable Storage Box & Cleaner Pen,Noise Reduction Holewith & Built-in dust Guard Screen,Silicone Ear Tips for AirPods Pro (White)",7.98,4.5,2906,https://www.amazon.com/Replacement-Generation-Portable-Reduction-Holewith/dp/B0DFWRY3KQ/ref=zg_bs_g_electronics_d_sccl_12/138-2279462-5595515?psc=1,Organic,2026-01-06T02:12:44.031494+00:00
"Amazon Echo Show 11 (newest model), Vibrant Full-HD 11"" display with more viewing area and spatial audio, with Alexa+ Early Access, Graphite",219.99,4.1,1241,https://www.amazon.com/Amazon-Echo-Show-11-Vibrant-Full-HD-11-display-Graphite-Amazon/dp/B0DC91H3JK/ref=zg_bs_g_electronics_d_sccl_13/138-2279462-5595515?psc=1,Organic,2026-01-06T02:12:46.073695+00:00
"Samsung Galaxy Tab A9+ Plus 11” 64GB Android Tablet, Big Screen, Quad Speakers, Upgraded Chipset, Multi Window Display, Slim, Light, Durable, Kids Friendly Design, US Version, 2024, Silver",159.99,4.4,20433,https://www.amazon.com/SAMSUNG-Android-Speakers-Upgraded-Chipset/dp/B0CLFH7CCV/ref=zg_bs_g_electronics_d_sccl_14/138-2279462-5595515?psc=1,Organic,2026-01-06T02:12:48.596259+00:00
USB-C to 3.5mm Audio Headphone Adapter - HiFi 2 Pack Compatible with Apple iPhone 17 16 15 Samsung Galaxy S25 S24 S23 S22 S21 Plus Pro Max Ultra Pixel iPad - Type C to Aux Cord Jack Dongle Adapter,9.99,4.4,3372,https://www.amazon.com/USB-C-3-5mm-Audio-Headphone-Adapter/dp/B0D7VYL4X1/ref=zg_bs_g_electronics_d_sccl_15/138-2279462-5595515?psc=1,Organic,2026-01-06T02:12:50.692455+00:00
"INSIGNIA 50"" Class F50 Series LED 4K UHD Smart Fire TV, Voice Remote with Alexa, Stream Live TV Without Cable",179.99,4.2,5623,https://www.amazon.com/INSIGNIA-50-inch-4K-UHD-Fire-TV/dp/B0F19KLHG3/ref=zg_bs_g_electronics_d_sccl_16/138-2279462-5595515?psc=1,Organic,2026-01-06T02:12:53.642189+00:00
"Anker USB C Hub, 5-in-1 USBC to HDMI Splitter with 4K Display, 1 x Powered USB-C 5Gbps & 2×Powered USB-A 3.0 5Gbps Data Ports for MacBook Pro, MacBook Air, Dell and More",18.99,4.4,15852,https://www.amazon.com/Anker-Display-MacBook-Thinkpad-Laptops/dp/B0BQLLB61B/ref=zg_bs_g_electronics_d_sccl_17/138-2279462-5595515?psc=1,Organic,2026-01-06T02:12:55.524276+00:00
"Mounting Dream TV Wall Mount for 32-65 Inch Television,Mount with Swivel and Tilt, Full Motion Bracket with Articulating Dual Arms, Fits 16inch Studs, Max VESA 400X400 mm, 99lbs, MD2380",39.98,4.7,46054,https://www.amazon.com/Mounting-Dream-Bracket-Articulating-400x400mm/dp/B00SFSU53G/ref=zg_bs_g_electronics_d_sccl_18/138-2279462-5595515?psc=1,Organic,2026-01-06T02:12:57.383080+00:00
"Replacement for Samsung TV Remote, for All 2019-2025 Samsung Remote Control for Smart TV with Voice Control. No Solarcell. 2-Year Warranty.",19.99,4.4,9371,https://www.amazon.com/Samsung-Replacement-2019-2024-Solarcell-Warranty/dp/B0DDZN76T9/ref=zg_bs_g_electronics_d_sccl_19/138-2279462-5595515?psc=1,Organic,2026-01-06T02:12:59.607965+00:00
"Soundcore by Anker P20i True Wireless Earbuds, 10mm Drivers with Big Bass, Bluetooth 5.3, 30H Long Playtime, Water-Resistant, 2 Mics for AI Clear Calls, 22 Preset EQs, Customization via App",19.99,4.4,90095,https://www.amazon.com/Soundcore-Wireless-Bluetooth-Water-Resistant-Customization/dp/B0BTYCRJSS/ref=zg_bs_g_electronics_d_sccl_20/138-2279462-5595515?psc=1,Organic,2026-01-06T02:13:01.223547+00:00
"Apple 2025 MacBook Air 13-inch Laptop with M4 chip: Built for Apple Intelligence, 13.6-inch Liquid Retina Display, 16GB Unified Memory, 256GB SSD Storage, 12MP Center Stage Camera, Touch ID; Midnight",799,4.8,5032,https://www.amazon.com/Apple-2025-MacBook-13-inch-Laptop/dp/B0DZD9S5GC/ref=zg_bs_g_electronics_d_sccl_21/138-2279462-5595515?psc=1,Organic,2026-01-06T02:13:02.624938+00:00
"Zip Ties Assorted Sizes(4”+6”+8”+12”), 400 Pack, Black Cable Ties, UV Resistant Wire Ties by ANOSON",6.99,4.6,14716,https://www.amazon.com/Assorted-Sizes-12-Resistant-ANOSON/dp/B0C2Z4L3S6/ref=zg_bs_g_electronics_d_sccl_22/138-2279462-5595515?psc=1,Organic,2026-01-06T02:13:03.741848+00:00
"ORQRQO Replacement Remote for All Fire Series, TV Stick (HD, 4K, 4K Max, Lite), TV Cube and Omni, Insignia, Toshiba, Smart TVs, with Voice Control",13.98,4.4,3215,https://www.amazon.com/ORQRQO-Replacement-Insignia-Toshiba-Pioneer/dp/B0DC3PZLRL/ref=zg_bs_g_electronics_d_sccl_23/138-2279462-5595515?psc=1,Organic,2026-01-06T02:13:05.590326+00:00
"Amazon Echo Spot (newest model), Great for nightstands, offices and kitchens, Smart alarm clock with Alexa+ Early Access, Black",79.99,4.6,37185,https://www.amazon.com/Amazon-Echo-Spot-2024-release-Smart-alarm-clock-with-vibrant-sound-Alexa-Black/dp/B0BFC7WQ6R/ref=zg_bs_g_electronics_d_sccl_24/138-2279462-5595515?psc=1,Organic,2026-01-06T02:13:07.685130+00:00
"【Pack of 2】 Universal for All Samsung Smart TV Remote Control, Replacement Compatible for All Samsung Smart TV",11.69,4.4,42433,https://www.amazon.com/Universal-Samsung-Control-Replacement-Remote%E3%80%90Pack/dp/B0CT2M293W/ref=zg_bs_g_electronics_d_sccl_25/138-2279462-5595515?psc=1,Organic,2026-01-06T02:13:09.568307+00:00
"Tile by Life360 Mate - Bluetooth Tracker, Keys Finder and Item Locator for Keys, Bags and More. Phone Finder. Both iOS and Android Compatible. 1-Pack (Black)",19.99,4.4,10400,https://www.amazon.com/Tile-Life360-Bluetooth-Tracker-Compatible/dp/B0D63657GY/ref=zg_bs_g_electronics_d_sccl_26/138-2279462-5595515?psc=1,Organic,2026-01-06T02:13:11.401754+00:00
RingConn Sizing Kit - Size First Before You Buy - Choose from 9 Sizes - Sizes 6 to 14 - Find The Perfect Ring Size Smart Ring Size - Only Compatible Smart Ring,1.3,4.3,3767,https://www.amazon.com/RingConn-Gen-Sizing-Kit-Perfect/dp/B0DGFZ3VWP/ref=zg_bs_g_electronics_d_sccl_27/138-2279462-5595515?psc=1,Organic,2026-01-06T02:13:13.719146+00:00
"POWRUI Multi Plug 6 Outlet Surge Protector Extender with 3 USB Ports (1 USB C) and Night Light, 3-Sided Power Strip with Adapter Spaced Outlets, ETL Listed, White",13.98,4.7,13756,https://www.amazon.com/Surge-Protector-USB-Outlet-Extender/dp/B0BCPC68J6/ref=zg_bs_g_electronics_d_sccl_28/138-2279462-5595515?psc=1,Organic,2026-01-06T02:13:16.738662+00:00
"6Ft Power Strip Surge Protector - Yintar Extension Cord with 6 AC Outlets and 3 USB Ports for for Home, Office, Dorm Essentials, 1680 Joules, ETL Listed, (Black)",9.97,4.7,27938,https://www.amazon.com/Yintar-Protector-Outlets-Extension-Essentials/dp/B08MTBCXWX/ref=zg_bs_g_electronics_d_sccl_29/138-2279462-5595515?psc=1,Organic,2026-01-06T02:13:18.468948+00:00
"ESR for AirPods Pro 3 Case, Compatible with AirPods Pro 3rd Generation Case (2025), Compatible with MagSafe, Full Drop Protection Cover with Lanyard, Black",13.99,4.7,6034,https://www.amazon.com/ESR-AirPods-Compatible-Generation-Protection/dp/B0FGXSSB1Y/ref=zg_bs_g_electronics_d_sccl_30/138-2279462-5595515?psc=1,Organic,2026-01-06T02:13:21.080289+00:00
"ESR for AirPods Pro 3 Case (2025), Compatible with Airpods Pro 3rd Generation Case (USB-C Cable), Magnetic Lid, MagSafe Ready, Powerful Drop Protection, Cyber Series, Black",15.99,4.6,16432,https://www.amazon.com/ESR-Compatible-Generation-Magnetic-Protection/dp/B0FH1XBGN7/ref=zg_bs_g_electronics_d_sccl_81/138-2279462-5595515?psc=1,Organic,2026-01-06T02:13:23.492925+00:00
"TESSAN Surge Protector Flat Extension Cord 5Ft, Flat Plug Power Strip with 4 Outlets 3 USB Ports (1 USB C), 900 Joules Protection, Multiple Wall Outlet Extender Suitable for Home Office Dorm, Grey",16.19,4.7,27387,https://www.amazon.com/TESSAN-Extension-Charger-Charging-Essentials/dp/B0B5CNGKRH/ref=zg_bs_g_electronics_d_sccl_82/138-2279462-5595515?psc=1,Organic,2026-01-06T02:13:26.342251+00:00
"YesBes 116in Cord Hider Kit, Cord Covers for Wires on Wall, Paintable Cable Raceway, Cord Hider for Wall Mount tv, tv Cable Hider Wall kit, Wire Covers for Cords, W0.96in X H0.57in, White",9.99,4.5,2243,https://www.amazon.com/Covers-Paintable-Raceway-W0-96in-H0-57in/dp/B0CYZPD7PZ/ref=zg_bs_g_electronics_d_sccl_83/138-2279462-5595515?psc=1,Organic,2026-01-06T02:13:28.174633+00:00
"One Beat 10Ft Extension Cord with Multiple Outlets,Flat Plug Power Strip Surge Protector with 10 Ft Long Cord,6 Outlet 4 USB Ports (2USB C),Multi Outlet Wall Plug for Travel,College,Dorm Essentials",12.99,4.8,6746,https://www.amazon.com/Extension-Multiple-Outlets-Protector-Essentials/dp/B0CKKLDZM8/ref=zg_bs_g_electronics_d_sccl_84/138-2279462-5595515?psc=1,Organic,2026-01-06T02:13:29.979274+00:00
"TESSAN Flat Plug Extension Cord 5 FT, Surge Protector Power Strip with 4 AC Outlets 1 USB C and 2 USB A Ports, 900 Joules Protection, Multiple Wall Outlet Extender Suitable for Home Office Dorm",15.28,4.8,6259,https://www.amazon.com/Extension-TESSAN-Protector-Spaced-Outlets/dp/B0BQ17FTKB/ref=zg_bs_g_electronics_d_sccl_85/138-2279462-5595515?psc=1,Organic,2026-01-06T02:13:32.874673+00:00
"Tile by Life360 Slim - Wallet Finder, Bluetooth Tracker and Item Locator for Luggage Tags, Passports and More. Both iOS and Android Compatible. Phone Finder. 1-Pack (Black)",19.99,4.4,5737,https://www.amazon.com/Tile-Life360-Slim-Bluetooth-Compatible/dp/B0D637HK8Q/ref=zg_bs_g_electronics_d_sccl_86/138-2279462-5595515?psc=1,Organic,2026-01-06T02:13:35.054198+00:00
"Blink Video Doorbell (newest model) – Head-to-toe HD view, two-year battery life, and simple setup. Sync Module Core included – System (Black)",69.99,4.3,15552,https://www.amazon.com/Blink-Video-Doorbell-Sync-Module-Core-Included-System-Black/dp/B0DGQZ8JZK/ref=zg_bs_g_electronics_d_sccl_87/138-2279462-5595515?psc=1,Organic,2026-01-06T02:13:36.186405+00:00
"Dgege for Airpods 4th Generation Case Cover(2024),Soft Silicone Full Protective Case for AirPods 4 Case with Keychain & Cleaner Kit,Compatible with Apple Airpods 4 for Women,Men（Lightpink）",6.98,4.7,1313,https://www.amazon.com/Generation-Silicone-Protective-Compatible-Men%EF%BC%88Lightpink%EF%BC%89/dp/B0DHZWXGGM/ref=zg_bs_g_electronics_d_sccl_88/138-2279462-5595515?psc=1,Organic,2026-01-06T02:13:38.908091+00:00
"Blink Outdoor 4 – Wireless smart security camera, two-year battery life, two-way talk. Required Sync Module not included – Add-on camera",69.99,4.2,20293,https://www.amazon.com/Blink-Outdoor-4th-Gen-Add/dp/B0B1N7LJD3/ref=zg_bs_g_electronics_d_sccl_89/138-2279462-5595515?psc=1,Organic,2026-01-06T02:13:40.640909+00:00
"Apple AirPods Pro 2 Wireless Earbuds, Active Noise Cancellation, Hearing Aid Feature, Bluetooth Headphones, Transparency, Personalized Spatial Audio, High-Fidelity Sound, H2 Chip, USB-C Charging",199,4.6,43577,https://www.amazon.com/Apple-Cancellation-Transparency-Personalized-High-Fidelity/dp/B0D1XD1ZV3/ref=zg_bs_g_electronics_d_sccl_90/138-2279462-5595515?psc=1,Organic,2026-01-06T02:13:42.893401+00:00
"Twelve South AirFly SE | Bluetooth Wireless Audio Transmitter Adapter for AirPods/Headphones, 20+ Hr Battery, Works with 3.5mm aux Jacks on Airplanes, TVs, Gym Equipment, and Travel",34.97,4.3,17013,https://www.amazon.com/Twelve-South-Transmitter-Noise-Cancelling-Headphones/dp/B0BQZBMXD4/ref=zg_bs_g_electronics_d_sccl_91/138-2279462-5595515?psc=1,Organic,2026-01-06T02:13:44.387428+00:00
"10 Pack Ring Cover Compatible with Oura Ring Gen 4/4 Ceramic, Oura Ring 3 Horizon/Heritage, Surport Charging with Cover on, Anti-Scratch Elastic Silicone Ring Protector for Men Women, M for 8/9/10/11",8.99,4.3,963,https://www.amazon.com/Compatible-Charging-Anti-Scratch-Silicone-Protector/dp/B0DMWCFH7S/ref=zg_bs_g_electronics_d_sccl_92/138-2279462-5595515?psc=1,Organic,2026-01-06T02:13:46.455828+00:00
"Power Strip, ALESTOR Surge Protector with 12 Outlets and 4 USB Ports, 6 Feet Extension Cord (1875W/15A), 2700 Joules, ETL Listed, Black",19.99,4.8,48332,https://www.amazon.com/Alestor-Protector-Outlets-Extension-Essentials/dp/B08P5LRY37/ref=zg_bs_g_electronics_d_sccl_93/138-2279462-5595515?psc=1,Organic,2026-01-06T02:13:49.267402+00:00
"kurdene Wireless Earbuds Bluetooth 5.3 in Ear Buds Light Weight Headphones,Deep Bass Sound,Built in Mics Headset,Clear Calls Earphones for Sports Workout",9.99,4.3,62799,https://www.amazon.com/kurdene-Bluetooth-Light-Weight-Headphones-Earphones/dp/B0D635YLCT/ref=zg_bs_g_electronics_d_sccl_94/138-2279462-5595515?psc=1,Organic,2026-01-06T02:13:51.138194+00:00
"USB C to 3.5mm Headphone Jack Adapter for iPhone17/ iPhone 16/16 Pro/15/15 Pro/Pro Max/Plus, Type C Aux Audio Dongle Cable Cord Compatible with iPad, Samsung Galaxy S23/S23/S22/S21, MacBook（2 Pack）",8.98,4.3,4754,https://www.amazon.com/Headphone-Adapter-Compatible-Samsung-S21Ultra/dp/B0CLLF6J44/ref=zg_bs_g_electronics_d_sccl_95/138-2279462-5595515?psc=1,Organic,2026-01-06T02:13:54.043642+00:00
"TOZO A1 Wireless Earbuds Bluetooth 5.3 Light Weight in Ear IPX5 Waterproof Headphones 2 Mic for AI Calls, Immersive Premium Sound Bass Headset with Charging Case, 32 Presets EQ Customization via App",13.99,4.3,108934,https://www.amazon.com/A1/dp/B09FT58QQP/ref=zg_bs_g_electronics_d_sccl_96/138-2279462-5595515?psc=1,Organic,2026-01-06T02:13:56.026550+00:00
Amazon Kindle Colorsoft 16 GB (newest model) – With color display and adjustable warm light – No Ads – Black,199.99,4.4,939,https://www.amazon.com/Amazon-Kindle-Colorsoft/dp/B0CGVSKR1G/ref=zg_bs_g_electronics_d_sccl_97/138-2279462-5595515?psc=1,Organic,2026-01-06T02:13:58.998261+00:00
"Tower Power Strip Flat Plug with 11 Outlets 3 USB (1 USB C), TESSAN Surge Protector Tower 1625W/13A,1050J Protection, 6 Feet Extension Cord with Multiple Outlets, Office Desk Supplies, Dorm Essentials",23.99,4.8,6868,https://www.amazon.com/TESSAN-Protector-Extension-Charging-Essentials/dp/B092Q99N22/ref=zg_bs_g_electronics_d_sccl_98/138-2279462-5595515?psc=1,Organic,2026-01-06T02:14:01.438464+00:00
"Power Strip Surge Protector, Olcorife Ultra Thin Flat Plug Extension Cord 5ft, 6 Outlets 3 USB Ports(1 USB C), 3 Sided Outlet Extender for Home Office Travel Dorm Room Essentials, White",13.99,4.7,6038,https://www.amazon.com/Extension-Outlets-Outlet-Extender-Essentials/dp/B0BJ1SWDNB/ref=zg_bs_g_electronics_d_sccl_99/138-2279462-5595515?psc=1,Organic,2026-01-06T02:14:03.773469+00:00
"MUSICOZY Sleep Headphones Bluetooth 5.4 Headband, Sports Wireless Earphones Sweat Resistant Earbuds Sleeping Headphone with Ultra-Thin HD Stereo Speaker for Workout Running Cool Gadgets Unique Gifts",15.19,4.2,24652,https://www.amazon.com/MUSICOZY-Headphones-Bluetooth-Headband-Ultra-Thin/dp/B09K4WZGVD/ref=zg_bs_g_electronics_d_sccl_100/138-2279462-5595515?psc=1,Organic,2026-01-06T02:14:06.661578+00:00
